Measure,Time,Cluster,Band,Mean,Std
ERSP,Early,Centro-Parietal Left,Delta,-1.0020305821802258,-0.32449844055229504
ERSP,Early,Centro-Parietal Left,Theta,0.05102726687034317,0.019292587025578962
ERSP,Early,Centro-Parietal Left,Alpha,-0.4698861864797168,-0.31786377389609083
ERSP,Early,Centro-Parietal Left,Beta,-0.7633951394387193,-0.4947686554814721
ERSP,Early,Centro-Parietal Left,Gamma,-2.2036628958119717,0.03151952748825753
ERSP,Early,Parietal Left,Delta,3.781872475694576,0.35402994295469736
ERSP,Early,Parietal Left,Theta,-3.8024292640231954,-0.7191555281428959
ERSP,Early,Parietal Left,Alpha,2.1660755605589803,0.09443029811672495
ERSP,Early,Parietal Left,Beta,2.4662600987272643,0.15258875401312919
ERSP,Early,Parietal Left,Gamma,-0.28383087512273764,0.4248763815508705
ERSP,Early,Parietal Right,Delta,1.0477823444224648,-0.2262281714270643
ERSP,Early,Parietal Right,Theta,4.221388321840642,0.1077540650568095
ERSP,Early,Parietal Right,Alpha,1.6723427752986428,-0.11005321267349988
ERSP,Early,Parietal Right,Beta,1.9828348764853123,0.34168584735342417
ERSP,Early,Parietal Right,Gamma,-1.4874974015993465,0.02087846978375918
ERSP,Early,Centro-Parietal Right,Delta,-1.2007744257124955,0.09871870329628019
ERSP,Early,Centro-Parietal Right,Theta,3.05870500913392,0.49944753711770995
ERSP,Early,Centro-Parietal Right,Alpha,-8.360123297808991,0.09107025221418373
ERSP,Early,Centro-Parietal Right,Beta,1.1912796406787216,0.3369814036685691
ERSP,Early,Centro-Parietal Right,Gamma,-6.380450909023877,0.44839233740739487
ERSP,Mid,Centro-Parietal Left,Delta,1.5906139452000827,-0.004450730947334658
ERSP,Mid,Centro-Parietal Left,Theta,0.44028011942141937,-0.0907043633106118
ERSP,Mid,Centro-Parietal Left,Alpha,-1.8397698120336898,0.03202747789244639
ERSP,Mid,Centro-Parietal Left,Beta,-2.766640858935889,-0.005263950710203816
ERSP,Mid,Centro-Parietal Left,Gamma,-0.8489176036202613,0.02062746909339291
ERSP,Mid,Parietal Left,Delta,-0.9503082101142718,-0.013273040433347833
ERSP,Mid,Parietal Left,Theta,1.3549179950343588,0.11951680805396137
ERSP,Mid,Parietal Left,Alpha,1.4876004455168985,0.004647188944535915
ERSP,Mid,Parietal Left,Beta,-7.627673019295608,0.06299682448613954
ERSP,Mid,Parietal Left,Gamma,-0.1526326149564058,0.17127429332361596
ERSP,Mid,Parietal Right,Delta,-0.9690469696260295,-0.016832006626357227
ERSP,Mid,Parietal Right,Theta,0.8526908313287194,0.03348525816603599
ERSP,Mid,Parietal Right,Alpha,0.6895849511613821,0.05656049565135766
ERSP,Mid,Parietal Right,Beta,0.4730743979532344,-0.03177217539508001
ERSP,Mid,Parietal Right,Gamma,2.423507937522389,-0.22910698879185634
ERSP,Mid,Centro-Parietal Right,Delta,0.45301436953275986,0.0907051686394311
ERSP,Mid,Centro-Parietal Right,Theta,1.0639444642300209,-0.028515843092502442
ERSP,Mid,Centro-Parietal Right,Alpha,-0.9534885249328744,-0.025141986319828554
ERSP,Mid,Centro-Parietal Right,Beta,3.1731029128341794,0.26336952406917663
ERSP,Mid,Centro-Parietal Right,Gamma,0.467981636602298,0.06496105024382524
ERSP,Late,Centro-Parietal Left,Delta,-0.6951872286328858,0.01540260872964609
ERSP,Late,Centro-Parietal Left,Theta,0.4135097224298918,0.10011079187570449
ERSP,Late,Centro-Parietal Left,Alpha,3.2372362637044754,-0.28608221058474087
ERSP,Late,Centro-Parietal Left,Beta,1.0033077773640484,0.2723751745394099
ERSP,Late,Centro-Parietal Left,Gamma,0.9778827559341561,-0.04551017239388402
ERSP,Late,Parietal Left,Delta,-1.1770410096447521,-0.01346068761127545
ERSP,Late,Parietal Left,Theta,0.014093086156923505,-0.09841468393973538
ERSP,Late,Parietal Left,Alpha,3.095257647655157,-0.24205740252646116
ERSP,Late,Parietal Left,Beta,2.994187930957843,0.17477844652322228
ERSP,Late,Parietal Left,Gamma,-0.4875326291327808,0.1993487935231222
ERSP,Late,Parietal Right,Delta,-0.14305382310958542,-0.03523644253388427
ERSP,Late,Parietal Right,Theta,0.7418407163310168,-0.06782574281752914
ERSP,Late,Parietal Right,Alpha,-1.0150790802972787,0.2638538074141214
ERSP,Late,Parietal Right,Beta,-1.4778152845164934,-0.2473641893267678
ERSP,Late,Parietal Right,Gamma,-0.31906674600780033,-0.03569463397277417
ERSP,Late,Centro-Parietal Right,Delta,0.3008165525772698,0.046170313124939126
ERSP,Late,Centro-Parietal Right,Theta,-1.2611203850697517,-0.18643479794470982
ERSP,Late,Centro-Parietal Right,Alpha,0.7880139738259395,-0.4583916094905486
ERSP,Late,Centro-Parietal Right,Beta,3.938372961316362,-0.6302184374360399
ERSP,Late,Centro-Parietal Right,Gamma,3.7704051323405197,0.15476702584895352
ERSP,Global,Centro-Parietal Left,Delta,-1.4735398839100011,0.07805025901840945
ERSP,Global,Centro-Parietal Left,Theta,-0.3675482403075785,-0.11652036466254828
ERSP,Global,Centro-Parietal Left,Alpha,-1.3547461357973312,0.037467205571584825
ERSP,Global,Centro-Parietal Left,Beta,-0.9839018176985528,-0.516180313582223
ERSP,Global,Centro-Parietal Left,Gamma,0.26409718166120544,0.0707638630992979
ERSP,Global,Parietal Left,Delta,-1.4954927548484787,-0.09758383763056751
ERSP,Global,Parietal Left,Theta,1.2087130032682505,-0.023895672645244826
ERSP,Global,Parietal Left,Alpha,-1.666231096772073,0.15165761881019507
ERSP,Global,Parietal Left,Beta,2.9681326958234955,-0.05827708537660904
ERSP,Global,Parietal Left,Gamma,-0.07973353957191977,-0.07342573378616733
ERSP,Global,Parietal Right,Delta,-2.897337884163265,0.025930486393259483
ERSP,Global,Parietal Right,Theta,0.2158438586075681,0.07179713364557584
ERSP,Global,Parietal Right,Alpha,1.7232507708988658,-0.09028254809948456
ERSP,Global,Parietal Right,Beta,1.58192226700808,0.044734290808359084
ERSP,Global,Parietal Right,Gamma,-0.37161594670411596,-0.042301774740972464
ERSP,Global,Centro-Parietal Right,Delta,1.833439677282639,-0.0805172776905877
ERSP,Global,Centro-Parietal Right,Theta,0.24507068916168617,0.06496951445131965
ERSP,Global,Centro-Parietal Right,Alpha,-4.417567224071795,-0.14310480485344254
ERSP,Global,Centro-Parietal Right,Beta,-3.0810803456965754,-0.41184901008564295
ERSP,Global,Centro-Parietal Right,Gamma,0.2619108085478693,-0.16002122848504577
RSP,Early,Centro-Parietal Left,Delta,-0.17689707765567908,-0.060002148569232874
RSP,Early,Centro-Parietal Left,Theta,1.1689852240665055,-0.5867054651622182
RSP,Early,Centro-Parietal Left,Alpha,3.0125828701695694,0.47086561085917406
RSP,Early,Centro-Parietal Left,Beta,1.2000146997227796,-0.012960354732907527
RSP,Early,Centro-Parietal Left,Gamma,-0.5369639438942726,-0.16546819488231368
RSP,Early,Parietal Left,Delta,1.096990181598425,-0.0963852214793438
RSP,Early,Parietal Left,Theta,-1.4035295886743844,-0.06837598375125763
RSP,Early,Parietal Left,Alpha,-0.40477098793609717,-0.15257562174551723
RSP,Early,Parietal Left,Beta,4.251590097460257,0.29858115391071643
RSP,Early,Parietal Left,Gamma,7.57550524648285,-0.045284457617387974
RSP,Early,Parietal Right,Delta,-3.0299362960480014,0.051612979319514855
RSP,Early,Parietal Right,Theta,-0.4075204248900023,-0.12767563907693943
RSP,Early,Parietal Right,Alpha,-4.287871218550646,-0.33548113027466225
RSP,Early,Parietal Right,Beta,3.444251590925468,0.5828852079388437
RSP,Early,Parietal Right,Gamma,-4.1946698661635065,-0.0694409046238303
RSP,Early,Centro-Parietal Right,Delta,-4.701524836449489,-0.2042882410713741
RSP,Early,Centro-Parietal Right,Theta,-1.0863546287076382,-0.31866225397274184
RSP,Early,Centro-Parietal Right,Alpha,-1.3259017808161546,0.10057026450740891
RSP,Early,Centro-Parietal Right,Beta,-4.996888137112929,0.638256329402338
RSP,Early,Centro-Parietal Right,Gamma,-1.5107224948657962,0.41859536760500476
RSP,Mid,Centro-Parietal Left,Delta,2.383121057652307,0.07717124075158908
RSP,Mid,Centro-Parietal Left,Theta,-1.169515242256935,-0.026044050153972598
RSP,Mid,Centro-Parietal Left,Alpha,-4.022816957481892,0.4535299361011784
RSP,Mid,Centro-Parietal Left,Beta,-2.5634550396110463,0.6896948331705236
RSP,Mid,Centro-Parietal Left,Gamma,-0.3053153987821912,-0.25726626280029397
RSP,Mid,Parietal Left,Delta,0.24545921948433283,-0.036285344299520315
RSP,Mid,Parietal Left,Theta,0.6868224464155466,0.40587882252473034
RSP,Mid,Parietal Left,Alpha,-3.34154201721201,0.027354107177347188
RSP,Mid,Parietal Left,Beta,-2.5661574260888784,0.49428407999388946
RSP,Mid,Parietal Left,Gamma,1.025235576074054,0.10985934097386246
RSP,Mid,Parietal Right,Delta,-1.4116609996910037,0.13570769580544115
RSP,Mid,Parietal Right,Theta,-3.514468249757626,-0.05022563219176168
RSP,Mid,Parietal Right,Alpha,-0.16020877988053772,0.6047787383526226
RSP,Mid,Parietal Right,Beta,9.594498508198672,0.38295079321161674
RSP,Mid,Parietal Right,Gamma,4.201123065284059,-0.24542266228485843
RSP,Mid,Centro-Parietal Right,Delta,1.4247789504390629,0.16401120660767265
RSP,Mid,Centro-Parietal Right,Theta,-1.7643223028276265,0.004005264205831855
RSP,Mid,Centro-Parietal Right,Alpha,-0.9423819135426936,-0.2981057435586623
RSP,Mid,Centro-Parietal Right,Beta,0.44831803905174034,0.5627651332147373
RSP,Mid,Centro-Parietal Right,Gamma,-4.614083246960944,-0.1383762419215535
RSP,Late,Centro-Parietal Left,Delta,-2.883161956462461,-0.085152746103382
RSP,Late,Centro-Parietal Left,Theta,0.08273164218580771,0.15770520444652364
RSP,Late,Centro-Parietal Left,Alpha,1.8052899075465094,0.12326475273767348
RSP,Late,Centro-Parietal Left,Beta,0.5520737369048074,0.05865324657255971
RSP,Late,Centro-Parietal Left,Gamma,-0.29169217275062576,-0.3759945020303286
RSP,Late,Parietal Left,Delta,2.566382310644996,-0.035101363143692575
RSP,Late,Parietal Left,Theta,-0.1501936889841551,0.02335879393313572
RSP,Late,Parietal Left,Alpha,3.1588491007823913,-0.17172969086542533
RSP,Late,Parietal Left,Beta,-3.538205933725476,-0.3938862630498506
RSP,Late,Parietal Left,Gamma,-2.256701633373482,-0.39002998178547316
RSP,Late,Parietal Right,Delta,0.4042634741805059,0.2854570509046878
RSP,Late,Parietal Right,Theta,0.3853506033013969,0.027928211191540778
RSP,Late,Parietal Right,Alpha,1.1158435973327023,0.30257237257026526
RSP,Late,Parietal Right,Beta,-1.1917188336974815,0.10963287244077045
RSP,Late,Parietal Right,Gamma,1.443313622855929,-0.5042432481360766
RSP,Late,Centro-Parietal Right,Delta,-1.5327762805302552,-0.0010094254250208768
RSP,Late,Centro-Parietal Right,Theta,-1.049511335847951,0.0874905133066082
RSP,Late,Centro-Parietal Right,Alpha,3.3122781541852193,0.41012631623626633
RSP,Late,Centro-Parietal Right,Beta,-2.2527245940469456,-0.1341557206456721
RSP,Late,Centro-Parietal Right,Gamma,-1.6170413362724163,-0.09853574640880969
RSP,Global,Centro-Parietal Left,Delta,0.790790741038458,0.14978555988289524
RSP,Global,Centro-Parietal Left,Theta,-0.5935504516433799,0.02437339232500728
RSP,Global,Centro-Parietal Left,Alpha,-3.1171115099154916,0.18794150691086361
RSP,Global,Centro-Parietal Left,Beta,-2.558382117387798,0.23752644846048418
RSP,Global,Centro-Parietal Left,Gamma,0.6502852280439197,-0.39744397009937343
RSP,Global,Parietal Left,Delta,2.924610402139863,0.2691987088231757
RSP,Global,Parietal Left,Theta,0.5294231380239283,-0.027479509975208316
RSP,Global,Parietal Left,Alpha,-2.84449509431144,-0.034771363163287994
RSP,Global,Parietal Left,Beta,2.600098762451535,-0.35082721004439366
RSP,Global,Parietal Left,Gamma,2.1099340865533542,-0.04023245392448828
RSP,Global,Parietal Right,Delta,1.1511370403551204,-0.30131712899554347
RSP,Global,Parietal Right,Theta,-1.1581201518078696,-0.19694152520202057
RSP,Global,Parietal Right,Alpha,-1.931302390499595,-0.17056265121947686
RSP,Global,Parietal Right,Beta,-0.4856438407916609,0.3704877608450572
RSP,Global,Parietal Right,Gamma,1.6176351183937139,0.28767059226283515
RSP,Global,Centro-Parietal Right,Delta,0.541792084809126,-0.3117770933572505
RSP,Global,Centro-Parietal Right,Theta,-1.154659642230421,0.43590608286347304
RSP,Global,Centro-Parietal Right,Alpha,-1.5712999597411268,0.5842586131439169
RSP,Global,Centro-Parietal Right,Beta,-4.406471634602339,-0.14522378643743164
RSP,Global,Centro-Parietal Right,Gamma,-0.44398104382178977,-0.07748421939492121
GMFP,Early,Centro-Parietal Left,Delta,4.504788044493061,0.4123592696863571
GMFP,Early,Centro-Parietal Left,Theta,7.310670265143573,-0.32437170260620585
GMFP,Early,Centro-Parietal Left,Alpha,8.530449541824288,0.4485528944670567
GMFP,Early,Centro-Parietal Left,Beta,-3.573473609068938,-1.0508393204295965
GMFP,Early,Centro-Parietal Left,Gamma,2.529736422130996,0.12977646480329852
GMFP,Early,Parietal Left,Delta,2.261857471752184,-0.5335330696410908
GMFP,Early,Parietal Left,Theta,1.7119874852980146,0.6968712687074676
GMFP,Early,Parietal Left,Alpha,8.213371701549448,0.6417001460861032
GMFP,Early,Parietal Left,Beta,-3.363682666067598,-0.360092468815747
GMFP,Early,Parietal Left,Gamma,0.9742448715531203,-0.38875724059888117
GMFP,Early,Parietal Right,Delta,0.418706836185824,0.1350805457119508
GMFP,Early,Parietal Right,Theta,0.302028811606658,-0.03165930178031975
GMFP,Early,Parietal Right,Alpha,-7.1905557815641,-0.5898539282966379
GMFP,Early,Parietal Right,Beta,-5.925298641984847,0.29344899671503727
GMFP,Early,Parietal Right,Gamma,-3.7765113668196864,-0.47090217224983555
GMFP,Early,Centro-Parietal Right,Delta,-4.158750789994072,0.07492244986896111
GMFP,Early,Centro-Parietal Right,Theta,-1.0174304323045014,0.21355588754320248
GMFP,Early,Centro-Parietal Right,Alpha,-5.138965414806462,0.4496665237468044
GMFP,Early,Centro-Parietal Right,Beta,-6.6916228783590315,-0.16669149577265763
GMFP,Early,Centro-Parietal Right,Gamma,4.365557961478339,-0.09673184369522003
GMFP,Mid,Centro-Parietal Left,Delta,0.6837689896637283,0.32380857286581577
GMFP,Mid,Centro-Parietal Left,Theta,1.383751136579275,0.13482427154925702
GMFP,Mid,Centro-Parietal Left,Alpha,-3.2395464786431374,0.3828454508624883
GMFP,Mid,Centro-Parietal Left,Beta,1.485486518019197,-0.2418469220258429
GMFP,Mid,Centro-Parietal Left,Gamma,2.190184665547082,-0.12194073154784205
GMFP,Mid,Parietal Left,Delta,-1.6003935743357685,-0.31796123073467997
GMFP,Mid,Parietal Left,Theta,-0.05806576265437767,0.06522835107816029
GMFP,Mid,Parietal Left,Alpha,-0.4955074057434968,0.14717270901065738
GMFP,Mid,Parietal Left,Beta,-0.729709016727632,-0.05703825591685622
GMFP,Mid,Parietal Left,Gamma,0.8324295901133307,-0.12738807731733606
GMFP,Mid,Parietal Right,Delta,-3.56710897617571,-0.21995358026569392
GMFP,Mid,Parietal Right,Theta,-2.234691464416124,-0.20444137259476106
GMFP,Mid,Parietal Right,Alpha,2.2952154427196296,0.015206973074408367
GMFP,Mid,Parietal Right,Beta,-1.263276351991944,-0.8555880294100983
GMFP,Mid,Parietal Right,Gamma,2.813302150030834,-0.11107346103467018
GMFP,Mid,Centro-Parietal Right,Delta,-2.423718606191013,0.04232692487125163
GMFP,Mid,Centro-Parietal Right,Theta,1.235675056499748,-0.09826594359210084
GMFP,Mid,Centro-Parietal Right,Alpha,-0.08985597920982542,0.017493830625225283
GMFP,Mid,Centro-Parietal Right,Beta,3.0804107938254437,-0.10098656883833977
GMFP,Mid,Centro-Parietal Right,Gamma,0.9958892237198023,0.3388295322160371
GMFP,Late,Centro-Parietal Left,Delta,0.17613965003432883,-0.03774865988732453
GMFP,Late,Centro-Parietal Left,Theta,-2.462353926115547,-0.41710181266729374
GMFP,Late,Centro-Parietal Left,Alpha,-1.1615503254565427,-0.3462131507773498
GMFP,Late,Centro-Parietal Left,Beta,-3.2442524171589517,-0.10459938026176273
GMFP,Late,Centro-Parietal Left,Gamma,1.605170944244379,0.2688793930958781
GMFP,Late,Parietal Left,Delta,2.27223801662881,0.20615393480431976
GMFP,Late,Parietal Left,Theta,-0.8101551710108372,0.1348796017056796
GMFP,Late,Parietal Left,Alpha,2.6443729928847834,0.0061884224395402565
GMFP,Late,Parietal Left,Beta,-3.698785414843236,0.2539572171857993
GMFP,Late,Parietal Left,Gamma,-2.751289986635364,-0.3673993022093453
GMFP,Late,Parietal Right,Delta,-3.563029773366877,-0.08611412235563184
GMFP,Late,Parietal Right,Theta,-2.404114571741403,-0.3575861565345635
GMFP,Late,Parietal Right,Alpha,-0.13925388359795735,-0.07372903592446571
GMFP,Late,Parietal Right,Beta,-3.428809841371651,-0.08354479772614737
GMFP,Late,Parietal Right,Gamma,-1.6894040135459931,0.0913136313725515
GMFP,Late,Centro-Parietal Right,Delta,1.5882178581385757,-0.05280912498057431
GMFP,Late,Centro-Parietal Right,Theta,-1.0356408096710563,0.09129087776043357
GMFP,Late,Centro-Parietal Right,Alpha,-3.7834847999323564,-0.7084760985539291
GMFP,Late,Centro-Parietal Right,Beta,-2.045012013711852,-0.7094508924586354
GMFP,Late,Centro-Parietal Right,Gamma,-3.8354000486700155,-0.03849949666124774
GMFP,Global,Centro-Parietal Left,Delta,-2.892804070808488,-0.1744863258687121
GMFP,Global,Centro-Parietal Left,Theta,1.9939707717323445,0.17823967973674615
GMFP,Global,Centro-Parietal Left,Alpha,1.6773556012165172,-1.0694649532032594
GMFP,Global,Centro-Parietal Left,Beta,-3.097806689732024,0.1356532867598269
GMFP,Global,Centro-Parietal Left,Gamma,-2.539207268021961,-0.029676713397895432
GMFP,Global,Parietal Left,Delta,-0.908448481562318,-0.34724766115442574
GMFP,Global,Parietal Left,Theta,0.8710228586329587,-0.21413173306992683
GMFP,Global,Parietal Left,Alpha,-1.879510328322371,0.2480892662260645
GMFP,Global,Parietal Left,Beta,2.0327648970438856,-0.19868495009203674
GMFP,Global,Parietal Left,Gamma,-2.778370697840523,-0.19557203450497196
GMFP,Global,Parietal Right,Delta,0.589655491038519,0.29662863593882033
GMFP,Global,Parietal Right,Theta,0.3932982516966275,0.012352769037331639
GMFP,Global,Parietal Right,Alpha,2.52461261770076,0.05702859175897913
GMFP,Global,Parietal Right,Beta,1.9761287765840707,-0.5650813348269389
GMFP,Global,Parietal Right,Gamma,-1.0345691810560644,-0.17135931382508518
GMFP,Global,Centro-Parietal Right,Delta,1.4554865137175574,0.011946538708128007
GMFP,Global,Centro-Parietal Right,Theta,2.975267505210808,0.13595013365926897
GMFP,Global,Centro-Parietal Right,Alpha,2.2716398663236888,-0.14580580350867908
GMFP,Global,Centro-Parietal Right,Beta,2.7999109702701763,-0.03880476267381994
GMFP,Global,Centro-Parietal Right,Gamma,2.3690057931366186,-0.16466043192939211
LMFP,Early,Centro-Parietal Left,Delta,-0.8932916295557425,0.030659369470924708
LMFP,Early,Centro-Parietal Left,Theta,-1.5195017371429091,0.03998034006841595
LMFP,Early,Centro-Parietal Left,Alpha,6.178043553746929,0.3824226827553081
LMFP,Early,Centro-Parietal Left,Beta,3.7970661778581736,-0.09510226981869968
LMFP,Early,Centro-Parietal Left,Gamma,-1.786628844359417,-0.21373980457925
LMFP,Early,Parietal Left,Delta,-0.11477351244479624,-0.0729130422973672
LMFP,Early,Parietal Left,Theta,-0.061862565832590866,0.0864443243254853
LMFP,Early,Parietal Left,Alpha,-4.424117051856588,-0.08470737011810467
LMFP,Early,Parietal Left,Beta,-3.416862121309239,-0.06991570955712204
LMFP,Early,Parietal Left,Gamma,-0.3761124107369025,-0.25156100069845677
LMFP,Early,Parietal Right,Delta,-0.45173249272116395,-0.2566497120956018
LMFP,Early,Parietal Right,Theta,1.0879323148708377,0.2013858343892236
LMFP,Early,Parietal Right,Alpha,-3.5454497322495415,0.35272416260812606
LMFP,Early,Parietal Right,Beta,-2.0743214805906978,0.22726163232138064
LMFP,Early,Parietal Right,Gamma,0.9828043734407161,-0.09942484473073027
LMFP,Early,Centro-Parietal Right,Delta,-0.9777612447974795,0.05034684381980029
LMFP,Early,Centro-Parietal Right,Theta,-1.2408176780465474,0.35011862474678823
LMFP,Early,Centro-Parietal Right,Alpha,-2.3939463867554447,-0.0567409602153717
LMFP,Early,Centro-Parietal Right,Beta,-0.8538284086952838,-0.4950773491334431
LMFP,Early,Centro-Parietal Right,Gamma,1.1889694703941627,0.06373735521911425
LMFP,Mid,Centro-Parietal Left,Delta,-0.0,0.0
LMFP,Mid,Centro-Parietal Left,Theta,0.0,-0.0
LMFP,Mid,Centro-Parietal Left,Alpha,-1.7193559628639201,-0.11455576622941428
LMFP,Mid,Centro-Parietal Left,Beta,-0.04834624788428131,-0.03928615730529783
LMFP,Mid,Centro-Parietal Left,Gamma,0.3621105895638029,-0.04710922905727989
LMFP,Mid,Parietal Left,Delta,0.0,0.0
LMFP,Mid,Parietal Left,Theta,-0.0,-0.0
LMFP,Mid,Parietal Left,Alpha,-0.00481466677734578,-0.09634829007597479
LMFP,Mid,Parietal Left,Beta,-0.9796005367158757,0.019254377439449574
LMFP,Mid,Parietal Left,Gamma,-0.5038715263258219,-0.07937323613343594
LMFP,Mid,Parietal Right,Delta,0.0,0.0
LMFP,Mid,Parietal Right,Theta,-0.0,-0.0
LMFP,Mid,Parietal Right,Alpha,-1.6633078243234318,-0.07200459086314565
LMFP,Mid,Parietal Right,Beta,-3.7413469781614443,0.19740046294496483
LMFP,Mid,Parietal Right,Gamma,0.20421800808645588,-0.024610602142804416
LMFP,Mid,Centro-Parietal Right,Delta,-0.0,-0.0
LMFP,Mid,Centro-Parietal Right,Theta,-0.0,0.0
LMFP,Mid,Centro-Parietal Right,Alpha,1.5280274079408904,0.057740392677327515
LMFP,Mid,Centro-Parietal Right,Beta,-2.6224027386862216,0.008999080002742056
LMFP,Mid,Centro-Parietal Right,Gamma,0.06967697441915395,-0.04691978333358874
LMFP,Late,Centro-Parietal Left,Delta,0.0,0.0
LMFP,Late,Centro-Parietal Left,Theta,0.0,-0.0
LMFP,Late,Centro-Parietal Left,Alpha,2.005949760814942,-0.03755619784023701
LMFP,Late,Centro-Parietal Left,Beta,1.7786454702546435,-0.038518776446080316
LMFP,Late,Centro-Parietal Left,Gamma,0.5136720115050953,-0.032521999727718034
LMFP,Late,Parietal Left,Delta,0.0,-0.0
LMFP,Late,Parietal Left,Theta,-0.0,-0.0
LMFP,Late,Parietal Left,Alpha,0.465596688148041,-0.0788323394179204
LMFP,Late,Parietal Left,Beta,-0.0589384696911328,-0.042293415358935306
LMFP,Late,Parietal Left,Gamma,0.056119513521017614,-0.10896622194997735
LMFP,Late,Parietal Right,Delta,0.0,0.0
LMFP,Late,Parietal Right,Theta,0.0,0.0
LMFP,Late,Parietal Right,Alpha,-1.369239389863992,-0.18039245609648571
LMFP,Late,Parietal Right,Beta,1.821754554169699,0.2247079594653903
LMFP,Late,Parietal Right,Gamma,-1.2124965590954768,0.008562288147176456
LMFP,Late,Centro-Parietal Right,Delta,-0.0,-0.0
LMFP,Late,Centro-Parietal Right,Theta,-0.0,-0.0
LMFP,Late,Centro-Parietal Right,Alpha,-0.8271060576578725,0.2346042842248089
LMFP,Late,Centro-Parietal Right,Beta,1.4302311749740855,-0.02463999173038048
LMFP,Late,Centro-Parietal Right,Gamma,0.23871377712948452,0.04702738812740055
LMFP,Global,Centro-Parietal Left,Delta,-0.0,-0.0
LMFP,Global,Centro-Parietal Left,Theta,0.0,-0.0
LMFP,Global,Centro-Parietal Left,Alpha,-2.336216696152378,0.024664989612908556
LMFP,Global,Centro-Parietal Left,Beta,-1.2107335983522,0.15024727343207883
LMFP,Global,Centro-Parietal Left,Gamma,-0.11689971701987116,0.07557204578041321
LMFP,Global,Parietal Left,Delta,-0.0,-0.0
LMFP,Global,Parietal Left,Theta,0.0,0.0
LMFP,Global,Parietal Left,Alpha,-1.4911386880997501,0.12223271430781109
LMFP,Global,Parietal Left,Beta,0.16778462188909818,0.006278815103564538
LMFP,Global,Parietal Left,Gamma,-0.352240159088503,0.0007002445923608735
LMFP,Global,Parietal Right,Delta,0.0,-0.0
LMFP,Global,Parietal Right,Theta,-0.0,-0.0
LMFP,Global,Parietal Right,Alpha,0.19152978079148775,0.05605302900854819
LMFP,Global,Parietal Right,Beta,0.549977640287267,0.34853473466255247
LMFP,Global,Parietal Right,Gamma,0.29584448893525495,0.003916179924637996
LMFP,Global,Centro-Parietal Right,Delta,0.0,0.0
LMFP,Global,Centro-Parietal Right,Theta,0.0,-0.0
LMFP,Global,Centro-Parietal Right,Alpha,-1.0928502896100034,0.04765342601150782
LMFP,Global,Centro-Parietal Right,Beta,1.005728008834028,0.11921249956038048
LMFP,Global,Centro-Parietal Right,Gamma,0.9889685770047799,-0.08641161422133678
PCIst,Early,Centro-Parietal Left,Delta,-1.2868652709995494,-0.1312926216806305
PCIst,Early,Centro-Parietal Left,Theta,0.023334317670581493,0.06136390511703467
PCIst,Early,Centro-Parietal Left,Alpha,9.127882141292934,-0.04810421917418499
PCIst,Early,Centro-Parietal Left,Beta,0.6965163931609084,0.19494284335761247
PCIst,Early,Centro-Parietal Left,Gamma,1.6615817206626746,0.30713045943918466
PCIst,Early,Parietal Left,Delta,1.342192075363806,0.013201523686248471
PCIst,Early,Parietal Left,Theta,-1.2113774532027535,0.03695777691299109
PCIst,Early,Parietal Left,Alpha,3.0166746135446654,-0.15545239657771243
PCIst,Early,Parietal Left,Beta,4.434647345712273,0.059560932656605906
PCIst,Early,Parietal Left,Gamma,-1.9929052964983467,0.08013913721296928
PCIst,Early,Parietal Right,Delta,-1.358016071218404,-0.34968390204311234
PCIst,Early,Parietal Right,Theta,0.20790717146977894,-0.02121468316730518
PCIst,Early,Parietal Right,Alpha,-1.2164517066100118,-0.37478533242604195
PCIst,Early,Parietal Right,Beta,-1.0413810019565877,0.3737630084627952
PCIst,Early,Parietal Right,Gamma,2.3097238081485343,0.1007413540987338
PCIst,Early,Centro-Parietal Right,Delta,2.731566558528268,0.22070501556707264
PCIst,Early,Centro-Parietal Right,Theta,-0.9652611887551941,0.03395516735049032
PCIst,Early,Centro-Parietal Right,Alpha,-0.3972297695274102,0.06481139186883028
PCIst,Early,Centro-Parietal Right,Beta,2.754365286067669,-0.15936192519326264
PCIst,Early,Centro-Parietal Right,Gamma,4.01540903326253,0.14715298561077447
PCIst,Mid,Centro-Parietal Left,Delta,0.0,-0.0
PCIst,Mid,Centro-Parietal Left,Theta,0.0,0.0
PCIst,Mid,Centro-Parietal Left,Alpha,1.0312111789358525,0.23039175339416273
PCIst,Mid,Centro-Parietal Left,Beta,0.9292875668553482,0.07368657484370926
PCIst,Mid,Centro-Parietal Left,Gamma,0.9438751349064604,-0.005859446180055496
PCIst,Mid,Parietal Left,Delta,-0.0,0.0
PCIst,Mid,Parietal Left,Theta,0.0,-0.0
PCIst,Mid,Parietal Left,Alpha,3.620944116874612,0.06900697472565105
PCIst,Mid,Parietal Left,Beta,2.0223251948236665,0.07035010596560677
PCIst,Mid,Parietal Left,Gamma,-0.29181482227852734,-0.010913068439702694
PCIst,Mid,Parietal Right,Delta,0.0,0.0
PCIst,Mid,Parietal Right,Theta,0.0,0.0
PCIst,Mid,Parietal Right,Alpha,-0.9964756939321074,-0.06152794012432877
PCIst,Mid,Parietal Right,Beta,-0.4210151366912947,-0.08682570348522384
PCIst,Mid,Parietal Right,Gamma,-1.0088275528477475,-0.022707386901938294
PCIst,Mid,Centro-Parietal Right,Delta,-0.0,0.0
PCIst,Mid,Centro-Parietal Right,Theta,-0.0,-0.0
PCIst,Mid,Centro-Parietal Right,Alpha,0.4945976981553948,0.01624138104642992
PCIst,Mid,Centro-Parietal Right,Beta,0.8040603678340337,0.17764352575033207
PCIst,Mid,Centro-Parietal Right,Gamma,0.1306704914178606,-0.038915771217058054
PCIst,Late,Centro-Parietal Left,Delta,-0.0,0.0
PCIst,Late,Centro-Parietal Left,Theta,0.0,-0.0
PCIst,Late,Centro-Parietal Left,Alpha,0.43011186510905336,0.10151319970402616
PCIst,Late,Centro-Parietal Left,Beta,-2.385462564966547,0.0002590661143547193
PCIst,Late,Centro-Parietal Left,Gamma,0.06991804741862756,0.06420820431556398
PCIst,Late,Parietal Left,Delta,-0.0,-0.0
PCIst,Late,Parietal Left,Theta,0.0,-0.0
PCIst,Late,Parietal Left,Alpha,-0.6745956598374573,0.1027354923413587
PCIst,Late,Parietal Left,Beta,-0.9101819357355742,0.35474832352546515
PCIst,Late,Parietal Left,Gamma,0.6998750619277349,-0.05655185778740671
PCIst,Late,Parietal Right,Delta,0.0,0.0
PCIst,Late,Parietal Right,Theta,-0.0,0.0
PCIst,Late,Parietal Right,Alpha,0.19155611021375157,-0.22202138092503898
PCIst,Late,Parietal Right,Beta,0.6686916551368404,-0.04205854516483054
PCIst,Late,Parietal Right,Gamma,-0.06338714435527935,-0.14930402902939074
PCIst,Late,Centro-Parietal Right,Delta,-0.0,0.0
PCIst,Late,Centro-Parietal Right,Theta,0.0,0.0
PCIst,Late,Centro-Parietal Right,Alpha,-2.345747233902876,-0.009614730662644911
PCIst,Late,Centro-Parietal Right,Beta,-0.9156906285898985,0.07116930660596157
PCIst,Late,Centro-Parietal Right,Gamma,-0.770988241785143,-0.0026821318532015944
PCIst,Global,Centro-Parietal Left,Delta,-0.0,-0.0
PCIst,Global,Centro-Parietal Left,Theta,-0.0,-0.0
PCIst,Global,Centro-Parietal Left,Alpha,-0.6861404893678513,0.08861444029529997
PCIst,Global,Centro-Parietal Left,Beta,0.18543110630378173,-0.06886037252674843
PCIst,Global,Centro-Parietal Left,Gamma,0.3670379659328216,-0.003924917816184065
PCIst,Global,Parietal Left,Delta,0.0,-0.0
PCIst,Global,Parietal Left,Theta,-0.0,-0.0
PCIst,Global,Parietal Left,Alpha,0.3548102988088665,0.1080531612217752
PCIst,Global,Parietal Left,Beta,-0.2811096905218804,-0.3107827139035157
PCIst,Global,Parietal Left,Gamma,0.0047363435512704135,-0.055060105858865484
PCIst,Global,Parietal Right,Delta,-0.0,0.0
PCIst,Global,Parietal Right,Theta,0.0,0.0
PCIst,Global,Parietal Right,Alpha,0.8466720627793168,-0.1339618325823849
PCIst,Global,Parietal Right,Beta,-1.499445753427285,0.12371020135801752
PCIst,Global,Parietal Right,Gamma,-0.246523380530971,-0.0723932030301813
PCIst,Global,Centro-Parietal Right,Delta,0.0,-0.0
PCIst,Global,Centro-Parietal Right,Theta,0.0,0.0
PCIst,Global,Centro-Parietal Right,Alpha,1.2872622417928121,0.026382570669314678
PCIst,Global,Centro-Parietal Right,Beta,-0.6373115635476171,0.06979452055975931
PCIst,Global,Centro-Parietal Right,Gamma,0.48982643445188706,-0.10519585550937208
NF,Early,Centro-Parietal Left,Delta,0.7972673676724256,0.11695819499576601
NF,Early,Centro-Parietal Left,Theta,0.2867533095237955,-0.14954913475892231
NF,Early,Centro-Parietal Left,Alpha,-2.396995240091899,-0.43654903035743015
NF,Early,Centro-Parietal Left,Beta,0.045489527876796075,0.48247614407425365
NF,Early,Centro-Parietal Left,Gamma,1.7363644028264213,0.6496250888676828
NF,Early,Parietal Left,Delta,0.44164175667528016,-0.1575155125034839
NF,Early,Parietal Left,Theta,-1.4293589109964118,-0.03106148057162251
NF,Early,Parietal Left,Alpha,2.2006740595671945,0.3656385651186312
NF,Early,Parietal Left,Beta,-1.5401854708689027,-0.38540412368338584
NF,Early,Parietal Left,Gamma,2.945387400198808,-0.42501974243825225
NF,Early,Parietal Right,Delta,-0.04304632275022346,-0.20020877871875375
NF,Early,Parietal Right,Theta,1.4335933802444094,-0.11739481312493022
NF,Early,Parietal Right,Alpha,-5.734107763071087,0.096170311661859
NF,Early,Parietal Right,Beta,-5.690666777859395,-0.516074768167067
NF,Early,Parietal Right,Gamma,-0.5072932330506916,0.07444607104196438
NF,Early,Centro-Parietal Right,Delta,1.189972324784884,-0.09441196383689435
NF,Early,Centro-Parietal Right,Theta,-3.3618271774906376,-0.032180323936010787
NF,Early,Centro-Parietal Right,Alpha,0.8122165309138389,0.02965333572003507
NF,Early,Centro-Parietal Right,Beta,2.9716662580455764,-0.1852420299665582
NF,Early,Centro-Parietal Right,Gamma,-4.0208353358602915,-0.20456832827662433
NF,Mid,Centro-Parietal Left,Delta,-0.6887432269087889,0.0001325649199591267
NF,Mid,Centro-Parietal Left,Theta,-0.391515874815073,-0.043421359191496645
NF,Mid,Centro-Parietal Left,Alpha,0.33410201906509546,0.33353366957236946
NF,Mid,Centro-Parietal Left,Beta,1.982387069248297,-0.2229826681776247
NF,Mid,Centro-Parietal Left,Gamma,-0.7812729783450244,-0.22397081742260425
NF,Mid,Parietal Left,Delta,0.7179904470066715,0.07789065069920852
NF,Mid,Parietal Left,Theta,0.21615163384399708,-0.05627366379004637
NF,Mid,Parietal Left,Alpha,-3.8251693108879485,0.18741990262013883
NF,Mid,Parietal Left,Beta,0.4126682770839458,0.28562118496259037
NF,Mid,Parietal Left,Gamma,1.1147167665091475,-0.1381541892517933
NF,Mid,Parietal Right,Delta,0.5542036797435042,0.0029486480822761597
NF,Mid,Parietal Right,Theta,0.17714463544630693,0.021845049031877953
NF,Mid,Parietal Right,Alpha,-0.29528361590501434,0.26477122091262734
NF,Mid,Parietal Right,Beta,-0.7275613814206771,0.1784197943563037
NF,Mid,Parietal Right,Gamma,-0.0837791005227452,-0.1694713648870777
NF,Mid,Centro-Parietal Right,Delta,-0.027427312727477036,0.04062005112673497
NF,Mid,Centro-Parietal Right,Theta,-0.5875297502306699,-0.02767623566526524
NF,Mid,Centro-Parietal Right,Alpha,-0.16622202535916622,0.3530428347134169
NF,Mid,Centro-Parietal Right,Beta,-0.7099721304735715,0.12227286620682759
NF,Mid,Centro-Parietal Right,Gamma,-0.9249260789188007,-0.13315323640698215
NF,Late,Centro-Parietal Left,Delta,-0.22751388888645568,0.02188091147201475
NF,Late,Centro-Parietal Left,Theta,0.4879903028928215,0.04293563492093444
NF,Late,Centro-Parietal Left,Alpha,-0.9159575552461379,-0.13139169250755617
NF,Late,Centro-Parietal Left,Beta,2.1636951429590066,0.11011719722180545
NF,Late,Centro-Parietal Left,Gamma,-0.29006630364100733,0.22030256040529023
NF,Late,Parietal Left,Delta,0.06686821469704553,-0.0853878572195348
NF,Late,Parietal Left,Theta,0.3902497445976974,0.02923266590334831
NF,Late,Parietal Left,Alpha,0.26156466457082506,0.18958654964457705
NF,Late,Parietal Left,Beta,2.857695327595905,0.6682042949025695
NF,Late,Parietal Left,Gamma,0.15863664853050086,-0.08266857441671036
NF,Late,Parietal Right,Delta,-0.07593677319157924,0.0005042688562180953
NF,Late,Parietal Right,Theta,-0.6089985183821222,0.02051363019815904
NF,Late,Parietal Right,Alpha,2.5187735795035944,0.08687270174634953
NF,Late,Parietal Right,Beta,-1.4661371587851086,0.05978873776408544
NF,Late,Parietal Right,Gamma,-0.6844839512313635,0.24047278278035625
NF,Late,Centro-Parietal Right,Delta,-0.18633571547877661,-0.016432528884030375
NF,Late,Centro-Parietal Right,Theta,0.2401987669693225,-0.03610565342210545
NF,Late,Centro-Parietal Right,Alpha,-1.6437795417427865,-0.0042280972599165545
NF,Late,Centro-Parietal Right,Beta,2.9785882398552297,0.37048945882342027
NF,Late,Centro-Parietal Right,Gamma,-0.3845636340923928,0.055043540650680955
NF,Global,Centro-Parietal Left,Delta,0.12984290406892762,-0.06370917992089585
NF,Global,Centro-Parietal Left,Theta,0.1899599974565555,0.012092472108064673
NF,Global,Centro-Parietal Left,Alpha,5.572515845303069,-0.17191449590250654
NF,Global,Centro-Parietal Left,Beta,3.2228879641405173,0.12277893285968562
NF,Global,Centro-Parietal Left,Gamma,-0.06324805556571264,-0.25792029331715616
NF,Global,Parietal Left,Delta,-0.20100863723948637,0.04606954481022224
NF,Global,Parietal Left,Theta,0.6818909336685184,0.04285394394896028
NF,Global,Parietal Left,Alpha,-0.295765319169251,-0.055638717888699056
NF,Global,Parietal Left,Beta,-2.4591794703485736,0.09388434671700324
NF,Global,Parietal Left,Gamma,-1.1337870538023773,-0.0320523072574092
NF,Global,Parietal Right,Delta,-0.3580586498374102,-0.0032426009462794927
NF,Global,Parietal Right,Theta,-0.7090665689162978,-0.025588519952740196
NF,Global,Parietal Right,Alpha,-0.18296221813881372,0.253874359817272
NF,Global,Parietal Right,Beta,-3.358233395621614,-0.18044172759523514
NF,Global,Parietal Right,Gamma,-0.37165403359613686,-0.06432079146017271
NF,Global,Centro-Parietal Right,Delta,0.10121888260894756,0.021677333935386893
NF,Global,Centro-Parietal Right,Theta,-0.25413112876685773,-0.012802841529387177
NF,Global,Centro-Parietal Right,Alpha,-0.7585946129695231,-0.019287525902127373
NF,Global,Centro-Parietal Right,Beta,1.198001253699831,0.14000960485075475
NF,Global,Centro-Parietal Right,Gamma,1.9654372287088162,0.06637868817178272
